"id","Website","power"
"S001","9gag_com.html",57.302869851016
"S002","9gag_com.html",40.9455227839845
"S003","9gag_com.html",51.1645569739432
"S004","9gag_com.html",49.1716917178389
"S005","9gag_com.html",49.7166875218464
"S006","9gag_com.html",43.4219054159886
"S007","9gag_com.html",49.9759545902842
"S008","9gag_com.html",56.0504312107593
"S009","adjust_com.html",43.6864343998882
"S010","adjust_com.html",44.1147344205475
"S011","adjust_com.html",43.9513476040248
"S012","adjust_com.html",44.8517545042496
"S013","adjust_com.html",45.0462024787772
"S014","adjust_com.html",45.2586719104788
"S015","adjust_com.html",43.6089002473111
"S016","adjust_com.html",43.4001817604911
"S017","adp_com.html",40.9440397970795
"S018","adp_com.html",40.6542683899017
"S019","adp_com.html",42.9391023322709
"S020","adp_com.html",37.7033388534049
"S021","adp_com.html",37.3528041794069
"S022","adp_com.html",46.3577396036244
"S023","adp_com.html",37.5247170174597
"S024","adp_com.html",44.1125065358634
"S025","aljazeera_com.html",51.176015835667
"S026","aljazeera_com.html",42.9021461369078
"S027","aljazeera_com.html",38.8703992996654
"S028","aljazeera_com.html",50.5928931805336
"S029","aljazeera_com.html",55.4539870359354
"S030","aljazeera_com.html",48.2669064191525
"S031","aljazeera_com.html",47.6661995210203
"S032","aljazeera_com.html",51.7350855319159
"S033","aljazeera_net.html",44.8391525247443
"S034","aljazeera_net.html",44.3151137434809
"S035","aljazeera_net.html",44.3587293184449
"S036","aljazeera_net.html",43.5048612757234
"S037","aljazeera_net.html",43.0023971945438
"S038","aljazeera_net.html",47.3856640663105
"S039","aljazeera_net.html",46.3643796307987
"S040","aljazeera_net.html",45.1901708978369
"S041","ameblo_jp.html",45.7106575016093
"S042","ameblo_jp.html",47.5243767753598
"S043","ameblo_jp.html",45.5707599874876
"S044","ameblo_jp.html",46.9778547513325
"S045","ameblo_jp.html",45.6580946109174
"S046","ameblo_jp.html",46.230169270079
"S047","ameblo_jp.html",43.7920946146327
"S048","ameblo_jp.html",45.1284483468349
"S049","avira_com.html",39.3477223781267
"S050","avira_com.html",38.0267855811786
"S051","avira_com.html",42.9737284132026
"S052","avira_com.html",39.4393094363654
"S053","avira_com.html",45.5697203032952
"S054","avira_com.html",40.6046367240221
"S055","avira_com.html",48.7005411950635
"S056","avira_com.html",47.7856777412431
"S057","beget_ru.html",46.3177498319921
"S058","beget_ru.html",43.8262604953019
"S059","beget_ru.html",45.9186383628199
"S060","beget_ru.html",42.6821670638539
"S061","beget_ru.html",44.9089178454332
"S062","beget_ru.html",45.5293393457964
"S063","beget_ru.html",44.9280941531209
"S064","beget_ru.html",44.237677367938
"S065","bild_de.html",52.3698664054713
"S066","bild_de.html",49.3563531519618
"S067","bild_de.html",49.6250332094254
"S068","bild_de.html",53.3695412492885
"S069","bild_de.html",50.2944915958284
"S070","bild_de.html",44.2502257721613
"S071","bild_de.html",46.8746400783355
"S072","bild_de.html",45.6680228754059
"S073","bilibili_com.html",116.978387420336
"S074","bilibili_com.html",74.0823994707417
"S075","bilibili_com.html",72.5842597885426
"S076","bilibili_com.html",119.990321329715
"S077","bilibili_com.html",155.285354314403
"S078","bilibili_com.html",112.395426728866
"S079","bilibili_com.html",96.100796706606
"S080","bilibili_com.html",110.054839371991
"S081","binance_com.html",44.0738336014283
"S082","binance_com.html",44.3139165141657
"S083","binance_com.html",45.0816545908304
"S084","binance_com.html",43.0149416406828
"S085","binance_com.html",42.2792529569868
"S086","binance_com.html",45.0637447637948
"S087","binance_com.html",43.6281760171968
"S088","binance_com.html",45.1402045351029
"S089","bit_ly.html",43.1306850485321
"S090","bit_ly.html",44.8095859029008
"S091","bit_ly.html",48.2496674898588
"S092","bit_ly.html",47.7902583611796
"S093","bit_ly.html",43.1740161287272
"S094","bit_ly.html",47.9480515561133
"S095","bit_ly.html",41.8248451127123
"S096","bit_ly.html",42.0141337001443
"S097","bitrix24_ru.html",42.8546708444108
"S098","bitrix24_ru.html",41.792805460744
"S099","bitrix24_ru.html",41.2835251899449
"S100","bitrix24_ru.html",51.8909752456144
"S101","bitrix24_ru.html",44.0121246831066
"S102","bitrix24_ru.html",43.6928935270581
"S103","bitrix24_ru.html",48.669328669382
"S104","bitrix24_ru.html",44.9738860966029
"S105","bmj_com.html",47.2175260556534
"S106","bmj_com.html",47.7499864511296
"S107","bmj_com.html",45.0392816025909
"S108","bmj_com.html",41.7629297576402
"S109","bmj_com.html",49.8038255210908
"S110","bmj_com.html",47.8263558156577
"S111","bmj_com.html",42.4421635961612
"S112","bmj_com.html",39.786814846429
"S113","booking_com.html",47.8822972984259
"S114","booking_com.html",44.3724857919862
"S115","booking_com.html",44.8668895498086
"S116","booking_com.html",43.1819333500991
"S117","booking_com.html",46.545567885611
"S118","booking_com.html",54.888862516196
"S119","booking_com.html",53.0690151034636
"S120","booking_com.html",40.6851580658649
"S121","bund_de.html",43.6363587777567
"S122","bund_de.html",40.7149991603472
"S123","bund_de.html",45.5708120844383
"S124","bund_de.html",41.7442168268497
"S125","bund_de.html",44.8245077570076
"S126","bund_de.html",39.0618239011714
"S127","bund_de.html",41.7631523281704
"S128","bund_de.html",41.5875206298974
"S129","buzzfeed_com.html",46.7332544338188
"S130","buzzfeed_com.html",49.3137641903611
"S131","buzzfeed_com.html",42.5580438717561
"S132","buzzfeed_com.html",49.8725273856132
"S133","buzzfeed_com.html",49.9692013686027
"S134","buzzfeed_com.html",48.1290388086711
"S135","buzzfeed_com.html",46.7112423935201
"S136","buzzfeed_com.html",51.1949883612193
"S137","cbc_ca.html",45.3105074261896
"S138","cbc_ca.html",44.8190124836302
"S139","cbc_ca.html",43.4552794392496
"S140","cbc_ca.html",39.2258479511253
"S141","cbc_ca.html",43.146199459615
"S142","cbc_ca.html",45.8650902343156
"S143","cbc_ca.html",41.5404472279627
"S144","cbc_ca.html",47.8675640034454
"S145","cbsnews_com.html",81.4251939051986
"S146","cbsnews_com.html",68.398957443481
"S147","cbsnews_com.html",75.7515917725172
"S148","cbsnews_com.html",56.5634999869183
"S149","cbsnews_com.html",78.6611226243802
"S150","cbsnews_com.html",56.7844745195001
"S151","cbsnews_com.html",60.6409184334697
"S152","cbsnews_com.html",74.0726804130179
"S153","citi_com.html",44.8907381653535
"S154","citi_com.html",49.035235146073
"S155","citi_com.html",56.7931233923576
"S156","citi_com.html",51.9307473030361
"S157","citi_com.html",46.415692535644
"S158","citi_com.html",58.5194981511391
"S159","citi_com.html",46.5913981515994
"S160","citi_com.html",45.8426419153846
"S161","comodoca_com.html",42.7152316025521
"S162","comodoca_com.html",50.73901359823
"S163","comodoca_com.html",44.9192506770909
"S164","comodoca_com.html",48.7082094090285
"S165","comodoca_com.html",45.0804797459673
"S166","comodoca_com.html",54.573782646336
"S167","comodoca_com.html",51.6371365026529
"S168","comodoca_com.html",47.9746415510101
"S169","divar_ir.html",44.7598698180177
"S170","divar_ir.html",44.6793630731789
"S171","divar_ir.html",44.2567835234412
"S172","divar_ir.html",44.0457982869352
"S173","divar_ir.html",44.6723942560707
"S174","divar_ir.html",43.6647984500008
"S175","divar_ir.html",44.4480481197014
"S176","divar_ir.html",44.1404861651678
"S177","dropbox_com.html",44.3895486262294
"S178","dropbox_com.html",46.8458570191514
"S179","dropbox_com.html",44.8077057830365
"S180","dropbox_com.html",42.9175668031172
"S181","dropbox_com.html",43.7401896307254
"S182","dropbox_com.html",45.5194765842937
"S183","dropbox_com.html",43.8041676884628
"S184","dropbox_com.html",46.2017265782261
"S185","elpais_com.html",46.5288604512415
"S186","elpais_com.html",48.3546676222157
"S187","elpais_com.html",46.6218558827881
"S188","elpais_com.html",47.3651001800165
"S189","elpais_com.html",46.261668467266
"S190","elpais_com.html",43.4745591604843
"S191","elpais_com.html",47.545318510673
"S192","elpais_com.html",50.8547207856627
"S193","exacttarget_com.html",49.3579417757822
"S194","exacttarget_com.html",46.5703346904525
"S195","exacttarget_com.html",34.9450767624968
"S196","exacttarget_com.html",46.4099218044958
"S197","exacttarget_com.html",38.7099975191641
"S198","exacttarget_com.html",45.9046621337753
"S199","exacttarget_com.html",44.0461665076016
"S200","exacttarget_com.html",32.9231442112055
"S201","express_co_uk.html",55.8944711949897
"S202","express_co_uk.html",55.1144245754329
"S203","express_co_uk.html",48.0300944672875
"S204","express_co_uk.html",57.3804297719462
"S205","express_co_uk.html",56.8646380768299
"S206","express_co_uk.html",43.252284821158
"S207","express_co_uk.html",54.0519709859684
"S208","express_co_uk.html",56.2769689627501
"S209","fandom_com.html",43.8236999803709
"S210","fandom_com.html",41.7908314288487
"S211","fandom_com.html",48.2514078247296
"S212","fandom_com.html",46.8422487318296
"S213","fandom_com.html",44.5696367911989
"S214","fandom_com.html",45.3627802564248
"S215","fandom_com.html",43.2621475303046
"S216","fandom_com.html",44.9055862121596
"S217","flaticon_com.html",46.7006148522542
"S218","flaticon_com.html",43.6086815941795
"S219","flaticon_com.html",43.6384022172081
"S220","flaticon_com.html",47.830777610417
"S221","flaticon_com.html",41.1524809276579
"S222","flaticon_com.html",48.7481315913989
"S223","flaticon_com.html",50.4030603716842
"S224","flaticon_com.html",47.6050906034444
"S225","flipboard_com.html",44.8407917197265
"S226","flipboard_com.html",44.9077594744176
"S227","flipboard_com.html",46.4533499180567
"S228","flipboard_com.html",43.8052392927395
"S229","flipboard_com.html",48.172789687385
"S230","flipboard_com.html",48.4120753297411
"S231","flipboard_com.html",49.2278649261592
"S232","flipboard_com.html",48.3383542231412
"S233","force_com.html",39.7970741881026
"S234","force_com.html",43.0196269322486
"S235","force_com.html",45.2117905321872
"S236","force_com.html",49.6637409374351
"S237","force_com.html",42.8898904890128
"S238","force_com.html",49.0073658333009
"S239","force_com.html",46.2107732482726
"S240","force_com.html",43.5287359943975
"S241","freepik_com.html",46.4630141696895
"S242","freepik_com.html",45.9386408355551
"S243","freepik_com.html",45.5536426358225
"S244","freepik_com.html",44.5305153107772
"S245","freepik_com.html",48.9215498114923
"S246","freepik_com.html",42.3545887024738
"S247","freepik_com.html",47.7978786912761
"S248","freepik_com.html",44.2542082148968
"S249","frontiersin_org.html",41.8153477926575
"S250","frontiersin_org.html",46.4232517459601
"S251","frontiersin_org.html",40.1262644617679
"S252","frontiersin_org.html",45.1512768339865
"S253","frontiersin_org.html",41.7773928723084
"S254","frontiersin_org.html",44.2292290794051
"S255","frontiersin_org.html",45.1161877729303
"S256","frontiersin_org.html",40.2721449695764
"S257","ft_com.html",46.5758830555454
"S258","ft_com.html",43.6764584857993
"S259","ft_com.html",44.6243594710134
"S260","ft_com.html",44.7402862581783
"S261","ft_com.html",44.079898678995
"S262","ft_com.html",44.0908378779359
"S263","ft_com.html",45.4776402968663
"S264","ft_com.html",46.4244369707159
"S265","garmin_com.html",38.9090267498691
"S266","garmin_com.html",42.5580241220796
"S267","garmin_com.html",39.0940533948246
"S268","garmin_com.html",44.0843792266906
"S269","garmin_com.html",38.760945821149
"S270","garmin_com.html",41.9217526029774
"S271","garmin_com.html",41.3924923670851
"S272","garmin_com.html",39.2585737993408
"S273","gismeteo_ru.html",44.8143663120656
"S274","gismeteo_ru.html",46.6690224935199
"S275","gismeteo_ru.html",45.3068541208518
"S276","gismeteo_ru.html",47.1534001481448
"S277","gismeteo_ru.html",45.2730727740789
"S278","gismeteo_ru.html",42.5514479359195
"S279","gismeteo_ru.html",45.9710367109074
"S280","gismeteo_ru.html",46.2357735335719
"S281","herokuapp_com.html",48.6856873541135
"S282","herokuapp_com.html",48.991900212485
"S283","herokuapp_com.html",49.2226469068859
"S284","herokuapp_com.html",50.8239660714663
"S285","herokuapp_com.html",51.0778465371454
"S286","herokuapp_com.html",47.1785231420311
"S287","herokuapp_com.html",51.3711040847691
"S288","herokuapp_com.html",47.4066190637457
"S289","hindustantimes_com.html",42.4525595207068
"S290","hindustantimes_com.html",46.6758465195843
"S291","hindustantimes_com.html",43.8874763355531
"S292","hindustantimes_com.html",42.5736239954441
"S293","hindustantimes_com.html",43.7433858012242
"S294","hindustantimes_com.html",48.3540680536034
"S295","hindustantimes_com.html",45.0677920077662
"S296","hindustantimes_com.html",53.3616730969141
"S297","hollywoodreporter_com.html",45.7456910471765
"S298","hollywoodreporter_com.html",49.3938013485442
"S299","hollywoodreporter_com.html",50.9247695977321
"S300","hollywoodreporter_com.html",53.456619403105
"S301","hollywoodreporter_com.html",50.2045594706849
"S302","hollywoodreporter_com.html",49.1364345872228
"S303","hollywoodreporter_com.html",51.1382075991359
"S304","hollywoodreporter_com.html",43.6712964725207
"S305","hostgator_com.html",40.4397321094331
"S306","hostgator_com.html",39.0347573412545
"S307","hostgator_com.html",45.7809044294417
"S308","hostgator_com.html",43.6407015791176
"S309","hostgator_com.html",46.0174245810541
"S310","hostgator_com.html",39.8009657355324
"S311","hostgator_com.html",42.4802334037645
"S312","hostgator_com.html",48.159226095959
"S313","icicibank_com.html",48.9063317643313
"S314","icicibank_com.html",41.8499477383086
"S315","icicibank_com.html",47.9745046997997
"S316","icicibank_com.html",46.9094396869615
"S317","icicibank_com.html",50.9366371764997
"S318","icicibank_com.html",45.8049945308423
"S319","icicibank_com.html",43.0845066390363
"S320","icicibank_com.html",47.6348736518952
"S321","infonline_de.html",44.1253353846444
"S322","infonline_de.html",48.6966813784354
"S323","infonline_de.html",49.8559195533413
"S324","infonline_de.html",43.6595436374087
"S325","infonline_de.html",46.7732037451279
"S326","infonline_de.html",45.2470729720937
"S327","infonline_de.html",49.3155727743214
"S328","infonline_de.html",47.0211636319
"S329","intel_com.html",43.7806591045979
"S330","intel_com.html",46.90047298877
"S331","intel_com.html",44.0060445901406
"S332","intel_com.html",46.3255032623342
"S333","intel_com.html",41.2820700001088
"S334","intel_com.html",43.8179637408015
"S335","intel_com.html",45.2252451290609
"S336","intel_com.html",39.5131081879868
"S337","investing_com.html",40.2816315132049
"S338","investing_com.html",40.4364574687356
"S339","investing_com.html",44.9957431641719
"S340","investing_com.html",48.3047205817001
"S341","investing_com.html",47.8024223616636
"S342","investing_com.html",43.3359188248642
"S343","investing_com.html",50.8244690590899
"S344","investing_com.html",37.7711562663442
"S345","jstor_org.html",44.3852817015967
"S346","jstor_org.html",45.353812185949
"S347","jstor_org.html",44.0346490303899
"S348","jstor_org.html",44.9596438294258
"S349","jstor_org.html",44.7851450719998
"S350","jstor_org.html",49.4548732522676
"S351","jstor_org.html",44.9519938680009
"S352","jstor_org.html",48.6624066009565
"S353","lenta_ru.html",51.1221652907417
"S354","lenta_ru.html",49.3242910172925
"S355","lenta_ru.html",49.5433013577235
"S356","lenta_ru.html",49.7346572895374
"S357","lenta_ru.html",56.416202629183
"S358","lenta_ru.html",53.396498980963
"S359","lenta_ru.html",48.4769172959553
"S360","lenta_ru.html",45.652321578332
"S361","livejournal_com.html",59.3812351285115
"S362","livejournal_com.html",59.6784899894093
"S363","livejournal_com.html",56.0406615711038
"S364","livejournal_com.html",62.8209630245904
"S365","livejournal_com.html",61.4338511866469
"S366","livejournal_com.html",58.1612333950196
"S367","livejournal_com.html",58.4111754159938
"S368","livejournal_com.html",57.2310810815229
"S369","luminate_com.html",45.4344837673697
"S370","luminate_com.html",43.1924173166621
"S371","luminate_com.html",41.7270747729923
"S372","luminate_com.html",48.1593348475004
"S373","luminate_com.html",45.7191558402314
"S374","luminate_com.html",46.5200386000018
"S375","luminate_com.html",45.4943032507909
"S376","luminate_com.html",47.9729934190439
"S377","marketwatch_com.html",51.664037227895
"S378","marketwatch_com.html",52.1664119843288
"S379","marketwatch_com.html",52.7000928809058
"S380","marketwatch_com.html",54.0334570768713
"S381","marketwatch_com.html",57.6781528159855
"S382","marketwatch_com.html",46.2325578870493
"S383","marketwatch_com.html",46.8995730030979
"S384","marketwatch_com.html",38.8978074850914
"S385","marriott_com.html",52.1497000819434
"S386","marriott_com.html",39.4280321099029
"S387","marriott_com.html",42.367056875139
"S388","marriott_com.html",50.4459672373709
"S389","marriott_com.html",46.2697344752186
"S390","marriott_com.html",42.1723142947898
"S391","marriott_com.html",47.9508833059699
"S392","marriott_com.html",44.1816274833028
"S393","mashable_com.html",45.1306220234981
"S394","mashable_com.html",44.7086257460478
"S395","mashable_com.html",45.0693772916761
"S396","mashable_com.html",46.5983662614783
"S397","mashable_com.html",44.4892994019221
"S398","mashable_com.html",46.3195848975932
"S399","mashable_com.html",43.7797525739094
"S400","mashable_com.html",44.8304817163704
"S401","mathtag_com.html",43.9236997791113
"S402","mathtag_com.html",43.8702439331504
"S403","mathtag_com.html",47.464776303602
"S404","mathtag_com.html",44.7425016933865
"S405","mathtag_com.html",40.5769514336784
"S406","mathtag_com.html",46.744603107925
"S407","mathtag_com.html",43.2825815513847
"S408","mathtag_com.html",47.6801441177138
"S409","mirror_co_uk.html",44.6214317918987
"S410","mirror_co_uk.html",45.8380943837105
"S411","mirror_co_uk.html",46.5095021023312
"S412","mirror_co_uk.html",45.6957919600568
"S413","mirror_co_uk.html",44.882894034473
"S414","mirror_co_uk.html",42.702239867952
"S415","mirror_co_uk.html",43.462242959512
"S416","mirror_co_uk.html",44.0654012100228
"S417","mongodb_com.html",42.6087305011189
"S418","mongodb_com.html",40.366385642574
"S419","mongodb_com.html",54.7695767524709
"S420","mongodb_com.html",41.7932181057512
"S421","mongodb_com.html",53.1045715088142
"S422","mongodb_com.html",42.0499629939036
"S423","mongodb_com.html",38.5711934928069
"S424","mongodb_com.html",50.4333752629652
"S425","mparticle_com.html",42.8034002590646
"S426","mparticle_com.html",50.9906926440509
"S427","mparticle_com.html",47.4361118815487
"S428","mparticle_com.html",44.3751325393903
"S429","mparticle_com.html",42.908762824123
"S430","mparticle_com.html",42.2146226817951
"S431","mparticle_com.html",47.3228906740589
"S432","mparticle_com.html",46.0356171366759
"S433","myanimelist_net.html",42.9519263202245
"S434","myanimelist_net.html",47.7882936646955
"S435","myanimelist_net.html",53.7593241875972
"S436","myanimelist_net.html",45.1285900096042
"S437","myanimelist_net.html",38.9707878159445
"S438","myanimelist_net.html",45.6575963135741
"S439","myanimelist_net.html",44.0603990260432
"S440","myanimelist_net.html",48.6937325667534
"S441","namecheap_com.html",59.0407189309517
"S442","namecheap_com.html",43.5440673108645
"S443","namecheap_com.html",42.8421838199291
"S444","namecheap_com.html",51.3569748190183
"S445","namecheap_com.html",55.782097556376
"S446","namecheap_com.html",49.1447544050192
"S447","namecheap_com.html",37.7098857629923
"S448","namecheap_com.html",53.4998981698686
"S449","namu_wiki.html",45.3378365810424
"S450","namu_wiki.html",45.7811491530122
"S451","namu_wiki.html",38.6934324108662
"S452","namu_wiki.html",41.3512833345433
"S453","namu_wiki.html",40.4347643687403
"S454","namu_wiki.html",44.3367901771754
"S455","namu_wiki.html",44.3978387138631
"S456","namu_wiki.html",43.9251565805859
"S457","newsweek_com.html",43.8923237722541
"S458","newsweek_com.html",49.3868812034631
"S459","newsweek_com.html",44.0059392397572
"S460","newsweek_com.html",54.5165418028846
"S461","newsweek_com.html",45.5172723584328
"S462","newsweek_com.html",42.8274323958005
"S463","newsweek_com.html",40.2960096411879
"S464","newsweek_com.html",42.3757097106107
"S465","nexon_com.html",40.2825727142211
"S466","nexon_com.html",42.0699388736897
"S467","nexon_com.html",42.4111305805304
"S468","nexon_com.html",42.2751709620646
"S469","nexon_com.html",46.1840356270752
"S470","nexon_com.html",44.9208650356501
"S471","nexon_com.html",42.7079304493464
"S472","nexon_com.html",42.4298802136638
"S473","nextdoor_com.html",48.7214305695303
"S474","nextdoor_com.html",47.9739737174115
"S475","nextdoor_com.html",48.786060204578
"S476","nextdoor_com.html",46.6203531518786
"S477","nextdoor_com.html",48.1832519457673
"S478","nextdoor_com.html",47.2602020590009
"S479","nextdoor_com.html",47.480955554156
"S480","nextdoor_com.html",46.6040376245644
"S481","nfl_com.html",50.5425791781527
"S482","nfl_com.html",47.7947227694994
"S483","nfl_com.html",48.0369888659957
"S484","nfl_com.html",50.3523791668095
"S485","nfl_com.html",48.5953977435473
"S486","nfl_com.html",49.4209398543623
"S487","nfl_com.html",47.6989751808515
"S488","nfl_com.html",47.884710209818
"S489","no.ip_com.html",61.9871521703399
"S490","no.ip_com.html",28.9855986626303
"S491","no.ip_com.html",47.5391297306867
"S492","no.ip_com.html",34.4853483399125
"S493","no.ip_com.html",69.2332145775572
"S494","no.ip_com.html",36.5666614730716
"S495","no.ip_com.html",54.367241435637
"S496","no.ip_com.html",39.1811400205688
"S497","nytimes_com.html",48.7402732894273
"S498","nytimes_com.html",45.4745863770454
"S499","nytimes_com.html",53.8534700362873
"S500","nytimes_com.html",52.2945801433199
"S501","nytimes_com.html",45.9469232572211
"S502","nytimes_com.html",44.8886477104483
"S503","nytimes_com.html",42.7859556127981
"S504","nytimes_com.html",45.9916672272641
"S505","okta_com.html",41.0726873032246
"S506","okta_com.html",44.5099189697176
"S507","okta_com.html",42.1488599222339
"S508","okta_com.html",45.9942539626183
"S509","okta_com.html",39.5095227728113
"S510","okta_com.html",46.2508180422563
"S511","okta_com.html",46.2855478031462
"S512","okta_com.html",43.2551690982786
"S513","optimizely_com.html",42.1021445286002
"S514","optimizely_com.html",47.1101490504583
"S515","optimizely_com.html",47.9621389005345
"S516","optimizely_com.html",46.8186822165699
"S517","optimizely_com.html",45.3469919533683
"S518","optimizely_com.html",45.757929212162
"S519","optimizely_com.html",46.1765136776203
"S520","optimizely_com.html",44.3212916839613
"S521","parallels_com.html",41.3724374036834
"S522","parallels_com.html",40.4386852919889
"S523","parallels_com.html",45.5564543880683
"S524","parallels_com.html",45.0271743451558
"S525","parallels_com.html",43.1670143910236
"S526","parallels_com.html",44.972592785159
"S527","parallels_com.html",43.9363648390988
"S528","parallels_com.html",42.4243312177004
"S529","paypal_com.html",46.2372483190876
"S530","paypal_com.html",46.1664696656549
"S531","paypal_com.html",45.723438917682
"S532","paypal_com.html",44.7824142814555
"S533","paypal_com.html",47.1677458699388
"S534","paypal_com.html",46.3407217551468
"S535","paypal_com.html",45.9762303382917
"S536","paypal_com.html",43.5648167251246
"S537","pcmag_com.html",46.5679578072014
"S538","pcmag_com.html",43.5029704452175
"S539","pcmag_com.html",45.5145552498638
"S540","pcmag_com.html",45.8224904828196
"S541","pcmag_com.html",45.4891503501523
"S542","pcmag_com.html",43.779712130334
"S543","pcmag_com.html",46.3976353066575
"S544","pcmag_com.html",45.9979180321086
"S545","python_org.html",37.4656447584272
"S546","python_org.html",41.1301892760694
"S547","python_org.html",47.069295053836
"S548","python_org.html",44.5749505111327
"S549","python_org.html",44.7478711272037
"S550","python_org.html",49.9470639417647
"S551","python_org.html",35.3627021229589
"S552","python_org.html",39.0389579500757
"S553","qualtrics_com.html",48.471110596469
"S554","qualtrics_com.html",49.0285586854669
"S555","qualtrics_com.html",45.3356325387542
"S556","qualtrics_com.html",47.1819250937666
"S557","qualtrics_com.html",45.2869924157695
"S558","qualtrics_com.html",43.7094560004841
"S559","qualtrics_com.html",47.4005063864385
"S560","qualtrics_com.html",44.0708158617705
"S561","quora_com.html",44.4312258108661
"S562","quora_com.html",42.0377614380886
"S563","quora_com.html",43.3655945730131
"S564","quora_com.html",42.9332397900759
"S565","quora_com.html",43.181117592706
"S566","quora_com.html",45.7121885205783
"S567","quora_com.html",43.3839404368599
"S568","quora_com.html",41.752922407369
"S569","rambler_ru.html",43.9000621900944
"S570","rambler_ru.html",44.9724618927157
"S571","rambler_ru.html",44.6646121910753
"S572","rambler_ru.html",47.5220383766798
"S573","rambler_ru.html",46.1385039140621
"S574","rambler_ru.html",46.457436786329
"S575","rambler_ru.html",43.7733828388553
"S576","rambler_ru.html",47.0266341412386
"S577","rapid7_com.html",41.7229953866095
"S578","rapid7_com.html",44.8268634469222
"S579","rapid7_com.html",44.9388940706111
"S580","rapid7_com.html",44.237734930694
"S581","rapid7_com.html",48.5165203506182
"S582","rapid7_com.html",43.8244921818881
"S583","rapid7_com.html",45.2750341493891
"S584","rapid7_com.html",47.0352119295423
"S585","redgifs_com.html",46.2200957751969
"S586","redgifs_com.html",43.3593968992646
"S587","redgifs_com.html",43.74361800202
"S588","redgifs_com.html",45.3749849764682
"S589","redgifs_com.html",44.2864083798166
"S590","redgifs_com.html",44.5483323169072
"S591","redgifs_com.html",44.0296095210669
"S592","redgifs_com.html",43.9158961998203
"S593","researchgate_net.html",43.9317526822643
"S594","researchgate_net.html",40.9919106400725
"S595","researchgate_net.html",45.2629319120811
"S596","researchgate_net.html",43.9283753867747
"S597","researchgate_net.html",42.6885161753239
"S598","researchgate_net.html",41.4843218099992
"S599","researchgate_net.html",40.6582356837474
"S600","researchgate_net.html",43.924718817654
"S601","ring_com.html",56.3964554972324
"S602","ring_com.html",59.4764418905984
"S603","ring_com.html",66.6768352823123
"S604","ring_com.html",52.3427391771429
"S605","ring_com.html",61.1381402203748
"S606","ring_com.html",59.283970218043
"S607","ring_com.html",54.429297606172
"S608","ring_com.html",48.0169007505553
"S609","rollingstone_com.html",47.1927078229725
"S610","rollingstone_com.html",43.6995182064919
"S611","rollingstone_com.html",47.4351243086989
"S612","rollingstone_com.html",46.3976054319981
"S613","rollingstone_com.html",45.1985627317353
"S614","rollingstone_com.html",45.7036520347869
"S615","rollingstone_com.html",48.5825382512867
"S616","rollingstone_com.html",45.8764162102277
"S617","salesforce_com.html",42.9166370782035
"S618","salesforce_com.html",42.77208059157
"S619","salesforce_com.html",41.710806508315
"S620","salesforce_com.html",41.9396195620274
"S621","salesforce_com.html",44.4631798703825
"S622","salesforce_com.html",45.6192617322517
"S623","salesforce_com.html",44.5466393468177
"S624","salesforce_com.html",40.7521183860026
"S625","scmp_com.html",44.4599605438302
"S626","scmp_com.html",51.9532803661657
"S627","scmp_com.html",39.9665737222836
"S628","scmp_com.html",49.3499665746974
"S629","scmp_com.html",43.7329125740684
"S630","scmp_com.html",56.8530403411016
"S631","scmp_com.html",50.5410110875663
"S632","scmp_com.html",44.208839735142
"S633","sectigo_com.html",46.0998318037045
"S634","sectigo_com.html",49.7663102501828
"S635","sectigo_com.html",44.6191344913029
"S636","sectigo_com.html",42.6671331405561
"S637","sectigo_com.html",49.6504769028724
"S638","sectigo_com.html",42.1136447451585
"S639","sectigo_com.html",48.8756001263894
"S640","sectigo_com.html",50.9058040259048
"S641","sharepoint_com.html",42.226212413255
"S642","sharepoint_com.html",44.1615535539385
"S643","sharepoint_com.html",45.9270775989757
"S644","sharepoint_com.html",42.6282278345771
"S645","sharepoint_com.html",44.6549154547078
"S646","sharepoint_com.html",42.433852969627
"S647","sharepoint_com.html",43.4763680240866
"S648","sharepoint_com.html",42.4803779256812
"S649","shein_com.html",53.4564617861673
"S650","shein_com.html",46.4956582422975
"S651","shein_com.html",57.0380288164341
"S652","shein_com.html",48.114596032407
"S653","shein_com.html",53.1788479250863
"S654","shein_com.html",47.0938835997398
"S655","shein_com.html",53.0876770834244
"S656","shein_com.html",56.0975211330453
"S657","shopee_co_id.html",40.357118907985
"S658","shopee_co_id.html",51.4984907636052
"S659","shopee_co_id.html",39.6583653639255
"S660","shopee_co_id.html",40.7269629887862
"S661","shopee_co_id.html",41.9866928508894
"S662","shopee_co_id.html",44.3940726086078
"S663","shopee_co_id.html",40.836880515693
"S664","shopee_co_id.html",43.1716514160517
"S665","shopee_co_th.html",49.0204823871586
"S666","shopee_co_th.html",49.551659276447
"S667","shopee_co_th.html",47.5307515461657
"S668","shopee_co_th.html",47.138256412821
"S669","shopee_co_th.html",48.9051428013403
"S670","shopee_co_th.html",46.2792828857948
"S671","shopee_co_th.html",49.9303520067857
"S672","shopee_co_th.html",47.2629174470906
"S673","shopee_tw.html",43.7900071758528
"S674","shopee_tw.html",51.7391176752677
"S675","shopee_tw.html",45.3659694602338
"S676","shopee_tw.html",50.5793188464268
"S677","shopee_tw.html",46.3448108954919
"S678","shopee_tw.html",42.5707455666491
"S679","shopee_tw.html",46.5803365828197
"S680","shopee_tw.html",51.0760942779571
"S681","shopee_vn.html",41.6669028705249
"S682","shopee_vn.html",49.6995354393042
"S683","shopee_vn.html",43.1579797459334
"S684","shopee_vn.html",34.6817799643782
"S685","shopee_vn.html",52.9926357963995
"S686","shopee_vn.html",53.8420525812757
"S687","shopee_vn.html",52.2715658896413
"S688","shopee_vn.html",45.8065059214982
"S689","sky_com.html",44.8463465707878
"S690","sky_com.html",46.4388245986156
"S691","sky_com.html",49.0519712436843
"S692","sky_com.html",44.0560647744908
"S693","sky_com.html",47.2156947012159
"S694","sky_com.html",43.1997635455461
"S695","sky_com.html",44.3412202468723
"S696","sky_com.html",45.2161608247434
"S697","slideshare_net.html",48.7610078910726
"S698","slideshare_net.html",45.8054421258974
"S699","slideshare_net.html",41.8678238169606
"S700","slideshare_net.html",45.5750490924758
"S701","slideshare_net.html",50.1461835698021
"S702","slideshare_net.html",44.2237371108916
"S703","slideshare_net.html",45.3724348028723
"S704","slideshare_net.html",40.0088909663482
"S705","soundcloud_com.html",47.7030176446437
"S706","soundcloud_com.html",45.0559378363256
"S707","soundcloud_com.html",45.6832796489689
"S708","soundcloud_com.html",47.9521779157679
"S709","soundcloud_com.html",45.0860733499263
"S710","soundcloud_com.html",41.404556244127
"S711","soundcloud_com.html",45.8567224050237
"S712","soundcloud_com.html",53.3081937782332
"S713","spiegel_de.html",47.5069028072275
"S714","spiegel_de.html",44.8846932319128
"S715","spiegel_de.html",46.909950191666
"S716","spiegel_de.html",46.7168009425756
"S717","spiegel_de.html",46.812887395301
"S718","spiegel_de.html",44.603028962094
"S719","spiegel_de.html",45.299858089025
"S720","spiegel_de.html",45.5571107824569
"S721","squarespace_com.html",47.4632761923312
"S722","squarespace_com.html",45.5484362883889
"S723","squarespace_com.html",42.0325126386374
"S724","squarespace_com.html",42.4492021805396
"S725","squarespace_com.html",46.8095578846254
"S726","squarespace_com.html",43.9349150776773
"S727","squarespace_com.html",45.4143492892529
"S728","squarespace_com.html",48.9262852288984
"S729","surfnet_nl.html",44.475654614066
"S730","surfnet_nl.html",42.7129786704817
"S731","surfnet_nl.html",42.476523917253
"S732","surfnet_nl.html",49.7576727787658
"S733","surfnet_nl.html",38.3816734582374
"S734","surfnet_nl.html",43.7940161702274
"S735","surfnet_nl.html",43.927818813921
"S736","surfnet_nl.html",41.3123216600729
"S737","t.online_de.html",37.1505333611047
"S738","t.online_de.html",56.0383103714982
"S739","t.online_de.html",47.9207608580715
"S740","t.online_de.html",36.3686806997568
"S741","t.online_de.html",47.7293258106471
"S742","t.online_de.html",49.548008516805
"S743","t.online_de.html",51.7907144800618
"S744","t.online_de.html",53.6008687870943
"S745","taobao_com.html",48.8073828212848
"S746","taobao_com.html",45.6792864377403
"S747","taobao_com.html",45.4186351899385
"S748","taobao_com.html",46.2463351116669
"S749","taobao_com.html",47.6723749528215
"S750","taobao_com.html",44.9695999088862
"S751","taobao_com.html",44.9372555975011
"S752","taobao_com.html",44.7171605333645
"S753","ted_com.html",43.2312239400954
"S754","ted_com.html",38.25340220944
"S755","ted_com.html",41.8166079165417
"S756","ted_com.html",45.4037327132431
"S757","ted_com.html",44.882733146082
"S758","ted_com.html",46.0472512797612
"S759","ted_com.html",49.9588820640284
"S760","ted_com.html",41.5558332726377
"S761","theatlantic_com.html",43.2893318241195
"S762","theatlantic_com.html",51.3218682288874
"S763","theatlantic_com.html",47.2481127387904
"S764","theatlantic_com.html",47.190975866863
"S765","theatlantic_com.html",43.669538091822
"S766","theatlantic_com.html",48.0760174322319
"S767","theatlantic_com.html",46.4253264751873
"S768","theatlantic_com.html",40.6588462223484
"S769","tiktok_com.html",44.9061312193619
"S770","tiktok_com.html",47.4327123223436
"S771","tiktok_com.html",43.5148082840472
"S772","tiktok_com.html",46.1826221620464
"S773","tiktok_com.html",45.2004819375608
"S774","tiktok_com.html",45.9736344243774
"S775","tiktok_com.html",44.9945644489655
"S776","tiktok_com.html",45.4699857263312
"S777","time_com.html",46.4295386667515
"S778","time_com.html",45.5392521342471
"S779","time_com.html",45.3946557164333
"S780","time_com.html",50.9972751355065
"S781","time_com.html",45.8698970186552
"S782","time_com.html",43.8504758475142
"S783","time_com.html",49.1911388191035
"S784","time_com.html",45.2937648252013
"S785","timeanddate_com.html",45.0356361439155
"S786","timeanddate_com.html",44.1434254110169
"S787","timeanddate_com.html",42.3533018510639
"S788","timeanddate_com.html",45.7687555994248
"S789","timeanddate_com.html",44.7796161159859
"S790","timeanddate_com.html",43.4584001399877
"S791","timeanddate_com.html",45.223770813406
"S792","timeanddate_com.html",37.5162207269773
"S793","tinyurl_com.html",42.3389922837485
"S794","tinyurl_com.html",42.1208388921952
"S795","tinyurl_com.html",42.9153849397704
"S796","tinyurl_com.html",42.023427518949
"S797","tinyurl_com.html",43.1617699716028
"S798","tinyurl_com.html",42.3022557793358
"S799","tinyurl_com.html",43.8553073612696
"S800","tinyurl_com.html",40.9589256337665
"S801","trustpilot_com.html",44.6406975184589
"S802","trustpilot_com.html",43.2719184553789
"S803","trustpilot_com.html",44.0607153754621
"S804","trustpilot_com.html",43.3540870754526
"S805","trustpilot_com.html",48.4312217182647
"S806","trustpilot_com.html",45.2646208610368
"S807","trustpilot_com.html",44.4008330172349
"S808","trustpilot_com.html",43.8299759226195
"S809","txxx_com.html",44.3690274194256
"S810","txxx_com.html",42.0743441306336
"S811","txxx_com.html",42.9477152541233
"S812","txxx_com.html",42.2012276415691
"S813","txxx_com.html",43.6563697267055
"S814","txxx_com.html",43.6897177544855
"S815","txxx_com.html",43.3909595852588
"S816","txxx_com.html",44.2683118065257
"S817","ucdavis_edu.html",64.2694217172198
"S818","ucdavis_edu.html",54.9893837350517
"S819","ucdavis_edu.html",72.4577500523753
"S820","ucdavis_edu.html",58.2284055722413
"S821","ucdavis_edu.html",60.9932662549313
"S822","ucdavis_edu.html",51.4633802157149
"S823","ucdavis_edu.html",51.5560725690632
"S824","ucdavis_edu.html",65.001061932855
"S825","udemy_com.html",47.8562812168629
"S826","udemy_com.html",55.0822585323996
"S827","udemy_com.html",55.3704553217162
"S828","udemy_com.html",54.9271053503063
"S829","udemy_com.html",56.8723177651692
"S830","udemy_com.html",59.5896374151446
"S831","udemy_com.html",56.6356342693465
"S832","udemy_com.html",51.3932427126663
"S833","uol_com_br.html",37.3650875638843
"S834","uol_com_br.html",66.7925221336013
"S835","uol_com_br.html",65.6592550205752
"S836","uol_com_br.html",55.4285215844222
"S837","uol_com_br.html",70.4966600284373
"S838","uol_com_br.html",43.1346495084331
"S839","uol_com_br.html",67.6154929221772
"S840","uol_com_br.html",53.6025625045194
"S841","utorrent_com.html",46.1278739996519
"S842","utorrent_com.html",46.6092536541097
"S843","utorrent_com.html",41.2064291653947
"S844","utorrent_com.html",45.865259290143
"S845","utorrent_com.html",43.6816463668458
"S846","utorrent_com.html",39.8718173563407
"S847","utorrent_com.html",45.0522493273209
"S848","utorrent_com.html",44.9289311341694
"S849","variety_com.html",46.4183882964093
"S850","variety_com.html",49.3705016740537
"S851","variety_com.html",42.5960199974579
"S852","variety_com.html",49.1737726223875
"S853","variety_com.html",44.2819095292199
"S854","variety_com.html",53.6213464466644
"S855","variety_com.html",52.0121598096425
"S856","variety_com.html",37.3283729474797
"S857","vice_com.html",45.5820959250374
"S858","vice_com.html",44.591229209997
"S859","vice_com.html",44.8359549330983
"S860","vice_com.html",44.0558731348661
"S861","vice_com.html",44.6791952938158
"S862","vice_com.html",42.9727693554733
"S863","vice_com.html",44.3889637492004
"S864","vice_com.html",43.7125127945497
"S865","washingtonpost_com.html",49.1309922946355
"S866","washingtonpost_com.html",55.606990546932
"S867","washingtonpost_com.html",57.8152743665449
"S868","washingtonpost_com.html",61.9250974328094
"S869","washingtonpost_com.html",35.4082075696771
"S870","washingtonpost_com.html",47.7701925733104
"S871","washingtonpost_com.html",46.8612858312641
"S872","washingtonpost_com.html",51.9004499989865
"S873","wattpad_com.html",47.4019289651077
"S874","wattpad_com.html",45.9098443162925
"S875","wattpad_com.html",46.5330804328427
"S876","wattpad_com.html",43.7956840732734
"S877","wattpad_com.html",39.2869708580653
"S878","wattpad_com.html",43.9788725776806
"S879","wattpad_com.html",46.5742500704598
"S880","wattpad_com.html",42.8328919364503
"S881","welt_de.html",39.7769235367499
"S882","welt_de.html",47.7830345814091
"S883","welt_de.html",31.8531952160261
"S884","welt_de.html",68.0887639478917
"S885","welt_de.html",58.6054457415484
"S886","welt_de.html",47.1133849643911
"S887","welt_de.html",53.7699450786423
"S888","welt_de.html",67.917299616619
"S889","wetransfer_com.html",43.4533603256179
"S890","wetransfer_com.html",44.8181253848622
"S891","wetransfer_com.html",42.4032516154842
"S892","wetransfer_com.html",43.5892181551236
"S893","wetransfer_com.html",46.0671961507557
"S894","wetransfer_com.html",49.2977391554177
"S895","wetransfer_com.html",42.9064656315527
"S896","wetransfer_com.html",41.1717748319866
"S897","wiley_com.html",45.8365582805878
"S898","wiley_com.html",39.5773390388006
"S899","wiley_com.html",44.6266097734574
"S900","wiley_com.html",43.5206327695729
"S901","wiley_com.html",44.0582064623687
"S902","wiley_com.html",47.0682376293951
"S903","wiley_com.html",41.2630776321744
"S904","wiley_com.html",42.486125348295
"S905","wix_com.html",45.1892401839063
"S906","wix_com.html",46.0299481467181
"S907","wix_com.html",45.2768777933958
"S908","wix_com.html",44.659936723231
"S909","wix_com.html",43.2202652631959
"S910","wix_com.html",45.2971962811674
"S911","wix_com.html",45.7309057441368
"S912","wix_com.html",45.6312312202869
"S913","wsj_com.html",37.5382401030724
"S914","wsj_com.html",42.7894352053557
"S915","wsj_com.html",35.0637258795863
"S916","wsj_com.html",45.8306747359308
"S917","wsj_com.html",38.1759211092567
"S918","wsj_com.html",50.393028043016
"S919","wsj_com.html",48.6084454409475
"S920","wsj_com.html",45.0209998530967
"S921","www_wixsite_com.html",44.2478907698897
"S922","www_wixsite_com.html",45.62253051072
"S923","www_wixsite_com.html",48.4891048708073
"S924","www_wixsite_com.html",46.0940952249534
"S925","www_wixsite_com.html",43.294714133268
"S926","www_wixsite_com.html",42.4679852401503
"S927","www_wixsite_com.html",47.892013842086
"S928","www_wixsite_com.html",43.5255816806889
"S929","xing_com.html",44.4074271689061
"S930","xing_com.html",44.0945298769277
"S931","xing_com.html",44.5632450893593
"S932","xing_com.html",43.7348282141165
"S933","xing_com.html",44.9319882432492
"S934","xing_com.html",42.9787131365955
"S935","xing_com.html",44.7969419413898
"S936","xing_com.html",42.8962366638972
"S937","youporn_com.html",46.0813783115534
"S938","youporn_com.html",44.6268627579539
"S939","youporn_com.html",45.3077397797804
"S940","youporn_com.html",44.5219765283526
"S941","youporn_com.html",43.2404862547064
"S942","youporn_com.html",43.0772074476612
"S943","youporn_com.html",44.4720797604397
"S944","youporn_com.html",47.2218236908622
